OrderDetailsID,OrderID,ProductID,ShipperID,Quantity
1,1,74,7,9
2,1,47,1,1
3,1,4,6,1
4,1,34,10,8
5,1,63,2,8
6,2,24,11,2
7,3,81,10,3
8,3,57,10,4
9,3,87,10,2
10,3,23,3,3
11,3,41,6,3
12,4,11,9,3
13,4,48,1,3
14,4,61,11,9
15,4,43,3,4
16,4,6,9,9
17,5,45,1,2
18,5,7,7,3
19,5,85,1,6
20,5,60,1,2
21,5,46,9,4
22,6,89,11,8
23,7,20,10,6
24,8,63,3,1
25,8,65,6,6
26,8,21,11,4
27,8,1,4,4
28,8,13,3,1
29,9,38,10,6
30,9,43,6,7
31,9,72,4,7
32,9,35,5,4
33,10,62,6,3
34,10,59,5,3
35,10,27,11,5
36,11,40,11,7
37,11,51,6,7
38,11,8,2,3
39,11,22,11,1
40,12,15,7,8
41,12,56,2,1
42,12,12,1,9
43,13,58,1,4
44,14,30,1,3
45,14,3,8,9
46,14,70,3,9
47,14,79,1,3
48,14,62,1,2
49,14,5,11,4
50,15,74,1,8
51,15,29,9,5
52,15,78,1,6
53,16,71,10,1
54,17,29,8,5
55,18,70,5,3
56,18,75,11,1
57,18,52,5,7
58,18,18,3,2
59,18,17,5,4
60,19,84,5,7
61,20,45,3,9
62,20,54,6,3
63,21,17,6,9
64,21,80,10,4
65,21,24,4,9
66,21,79,7,1
67,22,26,2,4
68,22,22,4,8
69,22,54,1,9
70,23,40,4,9
71,23,30,1,9
72,23,1,11,2
73,24,7,10,2
74,24,81,8,8
75,24,69,6,4
76,24,76,11,5
77,25,70,9,9
78,25,79,1,3
79,25,33,2,4
80,25,22,6,5
81,26,66,11,6
82,26,72,11,5
83,26,17,5,1
84,26,66,6,4
85,27,65,9,2
86,28,88,7,9
87,28,28,10,7
88,29,1,11,4
89,29,72,9,8
90,29,87,7,4
91,30,40,2,3
92,30,17,5,4
93,30,70,10,4
94,30,65,6,3
95,30,48,7,7
96,30,3,11,7
97,31,32,4,8
98,31,45,9,4
99,31,80,2,2
100,31,84,9,7
101,31,50,9,7
102,32,37,7,5
103,32,67,8,6
104,32,64,7,8
105,33,65,7,9
106,34,49,1,1
107,34,73,4,9
108,34,53,8,6
109,35,43,5,5
110,36,18,7,4
111,37,15,1,8
112,37,53,8,7
113,37,83,3,1
114,37,87,8,4
115,38,23,7,2
116,38,30,9,8
117,38,74,6,5
118,38,60,11,1
119,38,75,5,3
120,39,8,6,5
121,39,68,10,7
122,40,68,2,8
123,40,55,1,7
124,41,72,1,7
125,42,4,9,3
126,42,40,9,5
127,42,8,3,7
128,42,10,6,3
129,43,73,9,6
130,43,85,3,2
131,44,36,2,8
132,44,57,4,2
133,45,26,1,2
134,46,43,4,3
135,46,47,10,3
136,46,38,2,5
137,46,78,10,1
138,46,58,3,5
139,47,10,6,5
140,47,9,3,5
141,47,80,11,8
142,48,66,8,1
143,49,9,11,1
144,49,31,7,1
145,49,64,6,2
146,49,61,2,5
147,49,78,4,5
148,50,51,4,8
149,50,39,11,1
150,50,83,6,6
151,50,24,5,8
152,51,84,6,2
153,51,60,8,4
154,51,84,8,5
155,51,63,7,7
156,51,2,10,5
157,52,15,1,4
158,52,52,8,4
159,52,43,1,3
160,52,55,4,4
161,53,76,10,2
162,54,14,11,3
163,55,13,2,2
164,55,14,8,4
165,55,75,11,3
166,56,32,10,6
167,56,23,9,5
168,56,60,4,8
169,56,82,6,2
170,56,84,3,9
171,56,87,5,8
172,56,31,2,6
173,56,45,2,2
174,57,68,9,2
175,58,57,11,1
176,58,83,3,7
177,59,8,5,3
178,60,12,11,6
179,61,69,5,1
180,62,58,2,1
181,62,36,5,1
182,62,60,11,6
183,62,53,4,6
184,62,73,7,1
185,63,4,10,1
186,63,7,3,1
187,63,62,4,3
188,63,52,11,5
189,63,72,5,6
190,64,79,1,4
191,64,5,9,8
192,64,81,5,7
193,65,30,3,6
194,65,2,8,6
195,65,36,9,9
196,65,78,7,8
197,66,11,10,8
198,67,6,1,3
199,67,81,10,2
200,68,87,7,2
201,68,68,8,1
202,68,49,3,2
203,68,86,7,1
204,69,9,9,1
205,69,22,7,9
206,69,20,6,5
207,69,26,8,4
208,70,4,9,4
209,70,13,5,4
210,71,12,10,8
211,71,38,8,8
212,71,16,11,1
213,72,5,6,1
214,73,43,11,5
215,73,75,5,2
216,73,23,3,3
217,73,72,7,2
218,74,87,4,9
219,74,87,6,1
220,74,25,2,5
221,74,75,11,5
222,75,67,10,2
223,75,33,6,4
224,75,42,10,5
225,75,25,6,2
226,76,32,6,7
227,76,44,4,4
228,76,21,7,3
229,76,29,3,9
230,76,12,11,1
231,77,44,4,9
232,78,38,6,7
233,78,64,7,6
234,79,28,7,9
235,80,37,6,9
236,81,74,9,7
237,81,62,6,8
238,81,62,8,3
239,81,76,9,9
240,81,46,11,3
241,82,52,7,8
242,82,20,3,8
243,82,32,5,4
244,83,28,1,3
245,83,58,10,6
246,83,15,8,8
247,84,85,9,7
248,85,35,5,5
249,85,30,1,5
250,86,45,5,6
251,86,59,5,6
252,86,58,5,5
253,86,50,6,1
254,86,36,9,5
255,87,50,1,8
256,87,45,8,8
257,88,5,7,4
258,88,4,2,2
259,89,28,11,2
260,90,71,9,3
261,90,40,4,7
262,90,18,11,5
263,91,14,5,8
264,91,2,6,8
265,91,65,3,6
266,91,29,1,9
267,92,85,3,7
268,92,79,6,6
269,92,68,10,3
270,92,54,3,3
271,93,21,4,4
272,93,33,10,5
273,93,80,5,8
274,93,39,6,9
275,93,70,8,6
276,93,66,10,7
277,94,53,6,2
278,94,88,5,6
279,95,20,10,1
280,95,13,7,7
281,96,10,9,4
282,96,11,10,6
283,97,7,5,5
284,97,80,10,7
285,97,43,4,8
286,98,4,9,8
287,98,50,1,4
288,98,39,10,7
289,99,52,7,8
290,99,87,3,2
291,99,81,1,3
292,99,7,1,6
293,99,36,7,7
294,100,9,7,6
295,100,36,3,2
296,101,50,8,8
297,101,85,5,5
298,101,28,8,6
299,102,82,1,2
300,102,16,11,7
301,102,33,4,7
302,103,68,9,8
303,103,69,10,4
304,103,57,3,7
305,103,12,7,7
306,104,80,3,5
307,104,69,3,1
308,104,16,11,6
309,105,1,1,4
310,106,31,2,8
311,106,80,5,9
312,106,34,10,3
313,106,69,4,6
314,107,23,5,5
315,107,43,1,1
316,108,22,10,8
317,108,53,9,9
318,108,54,8,3
319,108,49,5,3
320,109,58,7,4
321,110,46,8,9
322,110,33,5,1
323,111,53,7,2
324,111,78,4,1
325,111,39,4,7
326,111,33,10,9
327,112,12,1,6
328,112,34,3,2
329,113,7,5,8
330,113,22,9,6
331,113,47,6,3
332,113,30,1,5
333,114,76,10,8
334,114,18,1,1
335,114,70,6,4
336,114,62,6,6
337,115,22,4,6
338,115,32,6,3
339,116,62,3,6
340,117,63,8,6
341,117,3,10,4
342,117,16,5,8
343,118,5,11,1
344,118,21,6,2
345,119,6,6,6
346,119,61,6,2
347,119,4,6,8
348,119,81,3,3
349,119,42,6,8
350,120,14,1,1
351,120,2,2,7
352,120,78,1,5
353,120,33,11,4
354,121,53,5,6
355,121,14,8,2
356,121,6,3,6
357,121,76,4,8
358,121,33,3,8
359,122,81,9,2
360,122,1,10,9
361,123,74,11,2
362,123,83,2,5
363,123,86,10,3
364,124,46,10,9
365,125,83,1,9
366,126,17,5,3
367,126,87,3,8
368,126,29,7,5
369,126,12,7,1
370,127,31,2,7
371,127,39,3,7
372,127,48,3,4
373,128,1,10,5
374,129,12,7,2
375,129,77,11,8
376,129,88,4,9
377,130,57,3,5
378,130,63,5,4
379,130,38,10,4
380,130,44,10,6
381,131,22,1,3
382,131,71,7,8
383,131,72,10,7
384,131,79,9,2
385,132,43,1,3
386,132,38,2,9
387,132,81,7,8
388,132,50,11,1
389,132,55,2,9
390,132,50,2,4
391,132,17,5,3
392,132,44,5,9
393,133,87,1,6
394,133,9,5,3
395,133,35,3,7
396,133,57,2,3
397,133,35,5,3
398,133,72,4,1
399,133,11,11,4
400,134,48,7,6
401,135,55,10,1
402,135,73,1,2
403,135,68,1,9
404,136,72,2,4
405,136,26,7,4
406,136,19,2,5
407,137,62,6,1
408,138,16,3,7
409,138,3,11,4
410,138,48,1,5
411,138,12,10,4
412,138,51,8,2
413,139,38,11,4
414,139,55,11,7
415,139,58,10,2
416,140,18,11,9
417,140,27,4,4
418,140,11,8,2
419,140,5,4,5
420,141,81,10,5
421,141,43,7,5
422,141,63,11,8
423,141,25,5,3
424,141,89,11,2
425,142,25,6,1
426,142,59,9,9
427,142,47,1,8
428,142,78,6,5
429,142,5,8,1
430,143,7,9,7
431,143,50,4,1
432,144,71,2,5
433,144,27,7,6
434,145,62,7,4
435,146,59,9,6
436,146,53,9,4
437,146,19,7,3
438,146,32,4,8
439,147,46,5,6
440,147,8,1,7
441,147,18,8,7
442,148,58,5,8
443,148,78,9,6
444,148,31,5,3
445,148,59,5,1
446,149,77,1,1
447,149,10,7,1
448,149,65,11,6
449,150,72,1,6
450,150,20,8,7
451,151,70,11,9
452,151,51,5,1
453,152,66,8,3
454,152,64,4,9
455,153,31,11,3
456,153,51,9,8
457,153,33,2,6
458,154,59,1,4
459,154,84,8,4
460,155,20,3,4
461,155,52,8,6
462,155,34,5,6
463,155,60,1,2
464,155,33,9,8
465,156,45,11,3
466,156,28,9,8
467,156,27,1,1
468,157,64,11,7
469,157,26,8,5
470,157,47,10,6
471,157,88,7,8
472,157,27,7,9
473,157,9,11,7
474,158,81,7,3
475,158,38,4,5
476,159,75,11,2
477,159,76,6,9
478,160,51,5,1
479,160,52,11,6
480,160,28,3,3
481,160,87,1,8
482,161,87,4,8
483,162,1,9,3
484,162,52,11,6
485,162,7,3,9
486,162,59,9,5
487,162,66,10,6
488,162,11,10,1
489,163,36,11,2
490,164,87,9,9
491,164,48,11,6
492,164,6,2,4
493,164,44,10,9
494,165,50,8,1
495,166,14,6,4
496,167,62,10,7
497,167,24,10,5
498,167,25,3,3
499,167,1,5,2
500,168,73,6,6
501,168,78,8,7
502,168,54,4,8
503,168,63,6,5
504,168,77,5,1
505,168,8,1,8
506,169,22,11,8
507,169,20,8,5
508,169,75,4,3
509,169,88,5,1
510,169,44,3,6
511,170,67,6,3
512,170,79,5,2
513,170,20,5,7
514,170,29,2,6
515,170,13,8,1
516,171,37,4,7
517,171,28,3,6
518,171,17,3,6
519,171,32,9,8
520,172,15,11,8
521,172,23,4,5
522,173,34,4,7
523,173,42,9,8
524,173,57,1,9
525,173,64,7,7
526,173,69,3,1
527,174,27,8,3
528,174,35,11,9
529,174,50,7,8
530,174,88,11,2
531,175,66,9,2
532,175,16,9,9
533,175,11,5,4
534,176,31,9,4
535,176,85,11,4
536,177,29,5,7
537,177,25,7,6
538,178,41,2,8
539,179,26,3,6
540,179,47,1,3
541,179,45,5,3
542,179,78,9,9
543,179,27,5,3
544,180,61,4,5
545,180,42,5,8
546,180,78,9,6
547,180,81,8,6
548,180,29,3,6
549,181,88,4,8
550,182,89,1,5
551,183,26,6,8
552,183,49,4,3
553,183,7,11,2
554,184,41,3,2
555,184,76,6,3
556,185,84,9,7
557,185,69,8,5
558,186,5,7,8
559,186,27,11,7
560,186,44,7,7
561,187,19,2,2
562,187,17,10,2
563,187,45,6,2
564,188,85,10,8
565,188,30,9,5
566,188,40,9,6
567,188,63,10,2
568,188,8,4,3
569,188,32,4,4
570,189,13,9,6
571,189,48,7,5
572,189,28,5,3
573,189,83,5,8
574,189,51,10,8
575,190,39,11,9
576,191,68,5,9
577,191,3,2,4
578,192,28,7,3
579,193,13,7,2
580,193,61,4,2
581,193,77,10,5
582,193,28,7,6
583,194,14,8,2
584,194,42,5,3
585,194,46,9,5
586,195,88,1,2
587,195,54,6,1
588,196,79,5,7
589,196,72,6,1
590,196,19,3,9
591,196,66,6,9
592,196,17,8,5
593,196,17,10,9
594,197,31,11,2
595,197,41,8,6
596,198,58,7,3
597,199,31,10,5
598,199,1,9,9
599,200,50,8,8
600,201,48,4,5
601,201,82,3,8
602,201,89,1,9
603,202,33,11,8
604,202,57,3,2
605,202,85,4,6
606,202,39,6,4
607,202,54,9,1
608,203,83,2,5
609,203,16,3,6
610,203,59,1,8
611,203,71,5,7
612,203,17,11,3
613,204,10,7,4
614,204,47,8,7
615,204,47,10,3
616,204,71,4,3
617,204,44,11,5
618,204,73,1,7
619,205,52,4,8
620,206,70,2,3
621,206,77,4,5
622,207,56,2,7
623,207,29,2,1
624,207,42,11,5
625,208,16,3,7
626,208,55,8,9
627,208,23,5,7
628,208,26,2,3
629,208,63,9,7
630,209,51,5,1
631,209,82,7,4
632,209,42,3,2
633,210,38,2,8
634,210,88,1,9
635,210,45,3,3
636,211,78,9,4
637,211,78,6,4
638,211,75,1,9
639,211,63,11,7
640,212,22,11,8
641,212,70,7,9
642,212,5,9,4
643,213,43,4,9
644,213,50,6,5
645,215,17,7,2
646,215,80,5,3
647,215,50,1,5
648,216,37,7,6
649,216,69,10,5
650,217,56,11,1
651,217,19,1,6
652,217,49,9,4
653,217,86,11,9
654,218,53,2,6
655,219,1,2,2
656,219,73,4,8
657,219,81,11,6
658,220,6,2,5
659,220,48,3,7
660,220,74,7,3
661,221,41,9,9
662,221,22,9,9
663,221,42,1,5
664,221,62,8,8
665,222,39,8,2
666,222,88,2,3
667,222,43,9,7
668,223,23,1,6
669,223,68,9,4
670,223,45,7,5
671,224,74,6,7
672,224,78,2,3
673,224,67,8,3
674,224,85,11,9
675,224,75,11,9
676,224,16,10,2
677,225,85,6,4
678,225,19,8,1
679,225,40,1,5
680,226,8,8,1
681,226,79,7,2
682,227,12,9,6
683,227,56,7,4
684,227,46,3,4
685,227,45,5,4
686,227,86,11,7
687,228,28,3,4
688,229,5,4,4
689,229,54,7,9
690,229,10,7,6
691,229,27,6,7
692,230,72,3,8
693,230,42,4,6
694,230,6,4,5
695,230,50,11,2
696,231,29,4,6
697,231,53,6,9
698,231,88,2,7
699,231,3,9,4
700,231,20,10,6
701,232,84,10,3
702,233,79,2,6
703,233,74,4,3
704,233,72,10,1
705,233,70,1,8
706,233,43,7,1
707,233,31,10,9
708,233,88,9,4
709,234,44,7,9
710,234,74,1,4
711,234,86,7,4
712,235,31,2,2
713,235,60,7,4
714,236,30,10,8
715,236,54,7,3
716,236,68,10,6
717,236,25,4,3
718,237,20,8,9
719,237,66,6,5
720,238,84,11,8
721,238,45,9,1
722,239,45,8,3
723,240,15,4,1
724,241,20,8,2
725,241,1,6,2
726,242,50,3,5
727,242,53,5,7
728,242,40,7,4
729,243,86,9,6
730,243,33,2,2
731,243,78,3,5
732,243,9,7,4
733,244,27,2,7
734,244,41,7,6
735,244,4,8,7
736,244,60,4,9
737,244,27,4,7
738,245,80,4,9
739,245,79,6,1
740,246,14,5,3
741,246,25,10,2
742,247,58,11,3
743,247,38,6,3
744,247,24,3,7
745,248,2,6,4
746,248,75,5,2
747,248,82,10,2
748,248,8,5,5
749,249,83,1,9
750,249,55,11,2
751,249,7,6,4
752,250,74,10,8
753,250,51,5,1
754,250,74,1,7
755,251,87,9,3
756,252,69,7,8
757,252,81,3,9
758,253,48,10,5
759,253,11,9,5
760,253,56,2,1
761,254,10,2,2
762,254,6,10,4
763,254,42,4,5
764,254,24,9,2
765,254,26,9,3
766,255,49,8,5
767,255,83,7,1
768,255,29,4,6
769,255,19,4,6
770,255,1,7,2
771,255,88,8,2
772,256,22,8,9
773,256,3,2,9
774,256,35,9,8
775,256,23,9,2
776,256,33,4,3
777,257,16,11,4
778,257,46,3,9
779,257,11,11,9
780,257,80,8,3
781,257,52,6,9
782,257,15,3,9
783,258,45,4,2
784,258,7,1,4
785,258,48,10,1
786,260,82,9,7
787,260,54,11,1
788,260,5,2,3
789,261,78,7,2
790,261,83,2,9
791,261,1,2,9
792,262,28,6,9
793,262,51,5,8
794,262,29,3,4
795,262,25,5,9
796,262,50,4,9
797,263,43,11,7
798,264,28,2,5
799,264,80,9,4
800,264,86,3,2
801,265,53,5,1
802,265,79,11,7
803,265,4,5,1
804,265,42,11,7
805,266,29,5,5
806,266,56,11,2
807,266,17,11,3
808,267,52,7,3
809,267,19,1,2
810,267,68,7,4
811,267,7,6,3
812,268,64,10,7
813,268,44,6,1
814,268,72,7,7
815,268,27,1,7
816,268,77,5,9
817,269,4,3,1
818,269,6,9,9
819,269,21,8,1
820,269,75,8,5
821,269,77,4,2
822,269,16,4,3
823,270,31,10,5
824,270,17,8,3
825,270,51,3,4
826,271,76,2,1
827,272,74,5,7
828,272,86,10,4
829,272,40,11,1
830,273,4,10,6
831,273,87,4,4
832,273,54,8,6
833,274,42,11,1
834,274,89,3,8
835,274,85,4,8
836,274,38,10,1
837,275,53,10,3
838,276,55,4,8
839,276,28,11,6
840,276,74,11,3
841,276,67,7,8
842,276,31,5,8
843,277,35,10,6
844,277,73,1,9
845,277,31,10,9
846,278,87,7,8
847,278,81,6,1
848,278,39,1,3
849,278,45,2,6
850,278,57,10,4
851,278,63,3,2
852,278,82,8,6
853,279,73,8,2
854,279,44,8,9
855,279,66,3,7
856,280,20,9,3
857,280,32,6,3
858,281,5,5,6
859,281,32,9,1
860,281,79,7,3
861,281,53,8,9
862,281,86,7,5
863,281,62,11,1
864,282,11,7,2
865,282,22,1,4
866,282,27,7,5
867,283,6,2,9
868,283,81,5,3
869,284,62,7,4
870,285,31,3,3
871,285,33,1,2
872,286,30,6,2
873,286,86,9,9
874,287,53,5,1
875,287,24,10,9
876,287,85,11,5
877,287,56,5,2
878,287,20,9,4
879,288,54,3,7
880,289,77,2,4
881,290,9,11,1
882,290,37,7,5
883,290,56,11,5
884,290,77,10,3
885,290,82,1,5
886,290,13,1,6
887,291,38,3,9
888,291,28,7,2
889,291,4,2,5
890,291,88,11,4
891,292,74,6,8
892,292,41,8,8
893,292,29,9,6
894,293,31,9,2
895,294,63,8,4
896,294,54,1,6
897,294,72,2,7
898,295,5,10,5
899,295,11,5,5
900,296,5,2,4
901,296,71,2,3
902,297,36,6,7
903,297,34,8,7
904,298,22,9,7
905,298,58,5,4
906,298,80,5,8
907,298,15,2,3
908,299,23,7,4
909,299,2,2,8
910,299,80,2,8
911,299,41,4,4
912,299,13,10,2
913,299,82,2,7
914,299,15,1,9
915,300,71,3,1
916,300,85,3,9
917,300,30,8,3
918,301,38,10,7
919,301,84,7,6
920,302,22,3,8
921,303,6,1,6
922,303,13,10,2
923,303,61,1,9
924,303,55,3,5
925,304,42,11,8
926,304,55,4,2
927,305,57,3,6
928,305,68,6,9
929,305,67,4,3
930,305,89,3,2
931,305,20,11,6
932,306,45,7,3
933,306,7,11,3
934,306,60,7,9
935,306,23,3,6
936,307,65,6,8
937,308,58,7,1
938,308,57,8,2
939,308,61,9,8
940,308,8,10,7
941,309,29,9,5
942,309,55,3,1
943,309,6,1,3
944,309,80,9,6
945,310,14,7,4
946,310,78,2,3
947,311,46,8,8
948,311,73,10,3
949,311,44,5,6
950,312,87,4,7
951,312,71,2,2
952,312,20,9,6
953,312,41,6,3
954,312,27,8,1
955,313,46,9,6
956,314,59,1,2
957,314,82,1,5
958,314,32,4,9
959,315,28,10,2
960,315,53,6,1
961,315,62,1,1
962,316,5,10,4
963,316,82,7,2
964,316,29,8,5
965,316,21,8,1
966,317,17,4,2
967,317,75,2,5
968,317,42,11,5
969,317,82,11,8
970,318,2,7,5
971,318,25,11,3
972,319,52,8,6
973,319,55,9,2
974,319,24,3,6
975,319,62,10,6
976,319,81,11,5
977,319,29,4,8
978,320,22,11,3
979,320,25,8,2
980,320,80,6,2
981,320,39,10,9
982,321,9,5,8
983,321,52,6,4
984,321,87,2,3
985,321,25,1,7
986,322,89,7,7
987,322,30,7,3
988,322,3,10,4
989,322,77,6,4
990,322,76,8,3
991,323,12,2,9
992,323,53,5,9
993,324,40,11,2
994,324,7,6,4
995,325,83,5,1
996,325,56,11,4
997,326,80,1,6
998,326,81,4,3
999,327,62,7,4
1000,327,57,3,7
1001,327,72,6,5
1002,327,11,7,9
1003,327,85,10,7
1004,327,74,6,6
1005,328,53,10,3
1006,328,59,5,1
1007,328,39,10,7
1008,328,76,8,1
1009,328,45,3,5
1010,328,78,10,7
1011,328,73,3,1
1012,329,57,2,8
1013,329,27,10,5
1014,329,22,7,7
1015,329,58,5,8
1016,329,9,5,1
1017,329,18,1,1
1018,329,16,2,4
1019,330,67,11,1
1020,330,54,10,4
1021,330,73,5,7
1022,331,70,6,3
1023,332,31,9,8
1024,333,52,8,1
1025,333,73,10,5
1026,333,4,4,2
1027,333,62,10,6
1028,334,59,8,5
1029,334,50,11,6
1030,334,28,4,5
1031,334,27,8,9
1032,335,88,3,8
1033,335,32,5,3
1034,335,19,10,3
1035,335,61,7,2
1036,336,1,9,3
1037,336,23,3,5
1038,336,75,5,1
1039,337,23,11,6
1040,338,86,3,9
1041,339,27,7,4
1042,339,87,11,1
1043,340,18,6,1
1044,340,51,1,3
1045,340,13,4,1
1046,340,38,7,4
1047,341,86,11,5
1048,341,37,4,5
1049,341,77,4,3
1050,342,3,4,7
1051,342,26,1,3
1052,342,72,9,2
1053,342,84,7,7
1054,342,23,3,3
1055,343,14,3,8
1056,344,78,8,4
1057,344,36,3,6
1058,344,84,5,3
1059,344,83,10,6
1060,345,60,5,5
1061,345,73,9,4
1062,345,84,9,1
1063,345,85,6,1
1064,346,71,2,4
1065,346,14,11,8
1066,346,45,1,8
1067,346,21,2,1
1068,347,33,6,1
1069,348,59,6,3
1070,348,18,5,5
1071,348,82,11,7
1072,349,72,4,7
1073,349,30,6,5
1074,349,61,10,5
1075,349,39,6,7
1076,350,14,7,3
1077,350,89,1,4
1078,350,14,3,3
1079,350,84,6,2
1080,350,36,5,6
1081,351,21,11,6
1082,351,54,11,5
1083,352,31,5,7
1084,352,51,1,9
1085,353,4,1,2
1086,353,79,5,9
1087,354,57,3,9
1088,354,40,6,7
1089,355,1,10,5
1090,355,20,10,6
1091,355,74,1,5
1092,355,60,7,3
1093,356,6,10,1
1094,357,34,4,2
1095,358,69,7,9
1096,358,56,10,2
1097,358,60,1,8
1098,358,18,3,4
1099,358,74,9,9
1100,359,18,2,3
1101,359,54,7,4
1102,359,51,7,7
1103,360,70,8,4
1104,360,75,8,8
1105,360,40,1,9
1106,361,80,11,1
1107,361,49,3,7
1108,361,69,8,6
1109,361,65,10,1
1110,361,11,1,9
1111,361,61,1,3
1112,361,86,9,3
1113,361,40,3,1
1114,362,28,2,6
1115,362,8,7,2
1116,362,16,4,7
1117,362,66,3,3
1118,363,87,4,6
1119,363,4,6,4
1120,363,40,1,6
1121,363,42,8,8
1122,363,46,5,9
1123,363,36,2,1
1124,364,66,6,2
1125,364,71,10,8
1126,365,44,3,4
1127,365,69,6,2
1128,365,42,8,7
1129,365,3,8,8
1130,365,12,7,7
1131,365,31,1,3
1132,366,35,11,2
1133,367,13,10,5
1134,367,11,1,9
1135,367,10,9,2
1136,367,66,8,3
1137,367,44,8,8
1138,368,49,11,7
1139,368,87,2,8
1140,368,81,11,9
1141,369,5,1,5
1142,369,24,10,6
1143,369,79,5,1
1144,369,12,8,1
1145,369,2,11,3
1146,370,76,1,7
1147,370,8,11,5
1148,370,1,5,7
1149,370,83,4,2
1150,370,63,1,8
1151,370,41,1,8
1152,370,73,1,1
1153,371,8,11,6
1154,371,76,7,6
1155,371,34,8,9
1156,371,81,10,2
1157,372,2,5,3
1158,372,48,1,2
1159,373,17,1,9
1160,373,32,11,9
1161,373,30,9,8
1162,373,22,10,8
1163,373,66,1,1
1164,373,8,3,3
1165,373,44,1,6
1166,373,63,3,7
1167,374,2,2,8
1168,374,5,11,7
1169,374,65,3,8
1170,374,81,4,2
1171,374,37,1,6
1172,375,79,6,3
1173,376,80,6,6
1174,376,82,7,6
1175,376,38,1,9
1176,377,85,8,9
1177,378,14,8,9
1178,378,70,9,1
1179,378,11,7,1
1180,379,68,8,8
1181,379,76,4,5
1182,379,21,11,9
1183,379,54,9,1
1184,380,75,8,4
1185,380,87,1,7
1186,381,34,9,6
1187,381,32,4,7
1188,381,39,6,1
1189,381,10,5,4
1190,381,3,6,7
1191,382,77,7,6
1192,382,10,6,9
1193,383,23,5,9
1194,383,68,5,9
1195,383,19,7,7
1196,383,23,8,5
1197,383,26,7,8
1198,384,47,11,7
1199,385,48,6,4
1200,385,31,3,6
1201,385,72,9,9
1202,387,26,4,8
1203,387,49,8,6
1204,387,66,11,5
1205,388,25,3,5
1206,388,67,10,2
1207,388,48,5,4
1208,388,34,3,2
1209,388,12,4,3
1210,389,54,8,1
1211,389,20,4,7
1212,390,18,9,6
1213,391,69,1,2
1214,391,24,8,1
1215,391,65,6,7
1216,392,75,4,3
1217,392,42,8,2
1218,392,46,11,1
1219,392,69,3,9
1220,392,6,8,6
1221,393,43,5,9
1222,393,74,3,8
1223,394,10,1,2
1224,395,3,1,2
1225,395,88,6,4
1226,395,88,1,9
1227,396,48,1,9
1228,396,85,10,9
1229,396,59,3,7
1230,397,7,10,4
1231,397,52,6,3
1232,397,7,5,9
1233,398,48,11,4
1234,398,12,10,3
1235,398,44,4,3
1236,399,79,9,8
1237,399,1,2,7
1238,399,4,1,4
1239,399,15,1,2
1240,400,28,6,9
1241,400,55,10,5
1242,401,89,10,5
1243,401,25,6,6
1244,402,32,1,1
1245,402,43,4,1
1246,403,11,7,4
1247,403,65,11,6
1248,404,51,8,4
1249,404,42,10,7
1250,404,76,3,8
1251,404,52,2,1
1252,405,49,10,1
1253,405,47,8,5
1254,406,48,1,5
1255,406,16,6,1
1256,407,25,8,8
1257,407,22,9,9
1258,407,84,9,5
1259,407,51,4,7
1260,408,89,6,6
1261,409,39,3,6
1262,409,39,8,1
1263,409,25,2,9
1264,409,16,1,9
1265,410,28,10,7
1266,411,77,7,9
1267,412,46,9,9
1268,412,71,6,9
1269,412,11,1,3
1270,413,45,5,9
1271,414,33,2,5
1272,414,29,5,2
1273,415,7,1,8
1274,415,64,11,7
1275,416,24,2,4
1276,416,5,9,9
1277,416,29,5,6
1278,416,32,10,2
1279,416,2,4,5
1280,417,51,2,6
1281,417,75,9,3
1282,418,72,6,6
1283,418,35,7,7
1284,419,66,1,3
1285,419,22,9,8
1286,419,49,5,6
1287,419,51,2,8
1288,419,7,7,5
1289,419,39,4,2
1290,420,68,9,8
1291,421,85,11,8
1292,421,62,9,6
1293,421,1,2,5
1294,422,39,6,6
1295,422,16,6,3
1296,422,10,10,1
1297,422,68,5,7
1298,423,52,6,8
1299,423,50,1,7
1300,423,36,10,7
1301,423,63,8,2
1302,423,41,7,6
1303,423,55,6,2
1304,423,31,3,1
1305,424,89,3,2
1306,425,79,4,8
1307,425,20,11,1
1308,425,78,9,6
1309,425,62,4,6
1310,426,23,5,2
1311,426,36,9,2
1312,427,14,4,1
1313,427,55,11,3
1314,427,59,9,3
1315,427,34,8,5
1316,428,27,3,6
1317,428,17,8,1
1318,428,38,11,3
1319,429,65,11,3
1320,429,43,7,7
1321,429,63,2,9
1322,429,27,9,3
1323,429,78,11,6
1324,430,89,1,8
1325,430,43,8,3
1326,430,80,11,6
1327,430,64,3,4
1328,431,6,7,2
1329,431,44,11,3
1330,432,36,8,9
1331,432,32,9,5
1332,432,28,4,3
1333,432,11,7,3
1334,433,17,8,3
1335,434,83,9,8
1336,435,65,10,8
1337,435,67,3,8
1338,435,88,7,5
1339,435,2,9,6
1340,435,18,7,8
1341,437,57,11,7
1342,438,66,4,5
1343,439,49,11,5
1344,439,41,7,8
1345,439,75,3,1
1346,439,88,4,8
1347,439,9,4,3
1348,440,44,11,5
1349,440,57,4,6
1350,440,68,3,6
1351,441,58,2,1
1352,441,51,6,8
1353,442,3,1,3
1354,442,88,6,5
1355,443,39,1,2
1356,444,27,7,9
1357,445,40,7,3
1358,446,32,4,3
1359,446,52,3,8
1360,447,2,11,9
1361,448,69,9,1
1362,448,60,1,5
1363,448,23,10,3
1364,448,48,5,8
1365,448,84,10,2
1366,449,69,2,3
1367,449,18,6,6
1368,449,73,6,1
1369,450,65,7,7
1370,450,84,4,8
1371,450,54,7,3
1372,450,61,5,1
1373,451,28,7,2
1374,452,56,10,6
1375,452,39,6,7
1376,452,9,7,2
1377,452,73,9,3
1378,453,89,2,3
1379,453,8,8,4
1380,453,3,6,4
1381,454,49,2,3
1382,454,66,8,8
1383,454,30,5,3
1384,455,5,10,1
1385,456,82,9,9
1386,456,16,10,4
1387,457,55,5,9
1388,458,73,5,7
1389,459,49,2,8
1390,459,2,5,9
1391,459,35,2,9
1392,460,81,11,8
1393,460,68,2,9
1394,461,28,10,7
1395,461,21,6,5
1396,461,13,3,4
1397,462,61,4,5
1398,462,56,8,5
1399,463,39,6,6
1400,463,17,7,2
1401,463,25,10,7
1402,463,35,5,1
1403,464,27,9,7
1404,464,13,7,2
1405,464,1,4,1
1406,465,74,8,2
1407,465,54,6,3
1408,465,10,1,9
1409,466,55,10,3
1410,466,5,2,3
1411,466,1,5,7
1412,466,30,2,8
1413,467,51,7,2
1414,468,77,5,9
1415,468,15,10,6
1416,469,5,4,9
1417,469,31,11,2
1418,469,19,7,5
1419,469,62,7,8
1420,469,5,10,9
1421,470,40,6,4
1422,470,21,11,2
1423,470,86,6,7
1424,470,4,6,6
1425,471,12,1,1
1426,471,10,6,6
1427,471,29,3,2
1428,471,46,2,1
1429,471,60,8,8
1430,471,31,6,1
1431,472,62,9,9
1432,472,21,1,1
1433,472,66,8,9
1434,472,14,8,3
1435,473,77,4,1
1436,473,89,8,4
1437,473,13,8,5
1438,474,58,8,2
1439,474,4,7,3
1440,474,9,7,3
1441,475,17,2,2
1442,476,47,2,8
1443,476,9,5,2
1444,476,21,6,9
1445,476,43,1,5
1446,476,49,2,7
1447,477,82,1,5
1448,477,38,7,2
1449,478,89,10,6
1450,478,67,6,7
1451,478,21,6,3
1452,478,36,3,6
1453,478,89,10,6
1454,479,27,4,3
1455,479,15,8,4
1456,480,55,5,8
1457,481,45,2,3
1458,482,55,6,6
1459,482,58,6,8
1460,482,52,7,2
1461,483,10,4,2
1462,483,32,11,5
1463,483,37,9,9
1464,484,44,8,3
1465,484,70,6,2
1466,484,47,8,3
1467,484,29,10,3
1468,485,80,4,8
1469,485,41,4,7
1470,485,86,7,6
1471,485,81,3,3
1472,485,17,11,3
1473,486,31,3,2
1474,486,20,10,5
1475,486,50,1,8
1476,486,39,5,3
1477,487,70,9,2
1478,487,71,5,3
1479,487,88,7,9
1480,488,42,6,4
1481,488,25,6,1
1482,488,23,5,7
1483,488,35,10,3
1484,488,87,1,5
1485,489,62,8,8
1486,489,72,3,1
1487,489,69,7,1
1488,489,21,10,4
1489,490,16,4,6
1490,490,73,8,4
1491,491,68,3,1
1492,492,64,4,2
1493,492,89,2,5
1494,492,40,9,8
1495,492,89,8,6
1496,493,21,11,5
1497,493,5,11,7
1498,494,49,2,2
1499,495,53,7,5
1500,495,37,9,3
1501,495,71,5,6
1502,495,72,6,6
1503,495,34,6,4
1504,496,81,8,3
1505,496,75,8,7
1506,496,43,1,5
1507,496,62,10,6
1508,497,79,3,2
1509,497,47,11,1
1510,498,12,7,3
1511,498,44,7,7
1512,498,46,1,3
1513,498,52,6,4
1514,498,39,3,1
1515,499,66,2,7
1516,499,15,5,2
1517,500,24,1,8
1518,501,89,11,8
1519,501,82,10,1
1520,501,86,8,8
1521,503,18,3,7
1522,503,56,11,6
1523,503,26,7,7
1524,503,10,11,7
1525,504,71,4,4
1526,504,21,9,8
1527,505,29,4,1
1528,505,59,4,8
1529,505,68,9,4
1530,506,3,6,9
1531,506,41,9,3
1532,506,11,2,6
1533,507,24,5,7
1534,508,3,7,4
1535,509,44,3,7
1536,509,45,5,3
1537,509,56,11,7
1538,509,83,1,8
1539,509,49,6,2
1540,510,39,1,2
1541,510,51,8,9
1542,510,43,11,3
1543,510,82,5,6
1544,511,71,8,9
1545,511,41,10,9
1546,512,80,11,7
1547,512,85,2,5
1548,512,37,3,2
1549,512,49,10,3
1550,512,85,4,8
1551,513,49,2,1
1552,513,84,3,9
1553,514,58,1,4
1554,514,44,5,9
1555,515,61,3,5
1556,515,8,3,6
1557,516,58,10,2
1558,516,5,10,9
1559,516,85,5,9
1560,517,86,10,8
1561,518,54,8,6
1562,519,28,3,2
1563,519,84,5,4
1564,520,78,8,9
1565,520,22,9,8
1566,520,17,11,6
1567,520,55,6,6
1568,521,10,2,9
1569,521,73,6,3
1570,521,6,1,8
1571,521,31,4,9
1572,522,35,2,1
1573,523,69,9,4
1574,523,71,3,3
1575,523,33,5,2
1576,523,10,7,7
1577,523,70,9,8
1578,523,79,11,7
1579,524,7,10,9
1580,524,20,10,2
1581,524,39,1,3
1582,524,74,7,3
1583,525,27,11,9
1584,525,38,5,1
1585,525,86,8,4
1586,525,9,2,9
1587,525,32,5,2
1588,526,28,9,1
1589,526,6,6,9
1590,526,75,2,1
1591,526,35,6,4
1592,526,69,2,6
1593,527,29,3,4
1594,527,89,5,8
1595,528,72,2,7
1596,528,80,11,5
1597,528,79,6,2
1598,529,56,10,6
1599,529,23,10,7
1600,529,63,8,1
1601,529,20,5,8
1602,529,41,9,1
1603,530,48,7,5
1604,531,66,2,2
1605,531,25,1,5
1606,532,89,9,3
1607,532,26,5,9
1608,533,84,5,7
1609,533,71,1,4
1610,533,79,5,9
1611,533,77,1,6
1612,534,78,1,2
1613,534,76,1,9
1614,535,41,8,4
1615,535,54,7,7
1616,536,41,1,3
1617,536,15,10,9
1618,536,58,4,5
1619,536,86,2,6
1620,537,32,4,3
1621,538,7,4,6
1622,538,37,8,5
1623,538,20,3,4
1624,538,54,10,8
1625,539,6,11,9
1626,540,76,7,2
1627,541,32,7,8
1628,542,24,11,8
1629,542,23,10,7
1630,542,45,4,5
1631,542,10,8,8
1632,543,77,6,9
1633,543,26,8,3
1634,543,1,11,7
1635,543,31,3,3
1636,543,83,5,8
1637,543,6,11,9
1638,544,66,1,7
1639,544,27,6,5
1640,545,53,6,5
1641,545,14,11,4
1642,545,47,1,4
1643,545,31,5,3
1644,545,9,3,7
1645,545,47,6,8
1646,545,34,3,8
1647,545,76,4,6
1648,545,26,10,3
1649,546,1,10,4
1650,546,52,4,2
1651,547,16,2,2
1652,547,54,11,8
1653,547,51,7,2
1654,547,81,4,4
1655,547,13,4,5
1656,547,3,9,8
1657,547,10,10,8
1658,548,86,1,9
1659,549,32,4,8
1660,549,80,3,9
1661,549,22,1,7
1662,549,20,1,4
1663,550,40,1,8
1664,550,88,6,9
1665,551,75,1,7
1666,551,85,1,4
1667,551,68,1,9
1668,551,8,8,2
1669,551,12,6,2
1670,551,76,7,1
1671,551,42,5,9
1672,551,46,11,6
1673,552,49,11,5
1674,553,4,4,3
1675,553,7,7,5
1676,553,4,2,9
1677,553,81,2,3
1678,554,67,11,7
1679,554,15,10,3
1680,555,6,9,2
1681,555,43,9,4
1682,555,66,1,9
1683,555,70,4,2
1684,556,2,1,2
1685,556,7,4,8
1686,556,47,1,1
1687,557,41,10,3
1688,557,14,2,7
1689,558,48,1,9
1690,559,7,6,5
1691,559,86,10,1
1692,559,56,7,3
1693,559,9,6,3
1694,560,71,11,1
1695,560,24,6,6
1696,560,20,7,2
1697,561,11,9,2
1698,561,46,4,4
1699,562,85,11,6
1700,562,65,5,1
1701,563,8,8,7
1702,564,12,6,7
1703,564,70,11,3
1704,565,25,8,4
1705,565,17,6,4
1706,565,12,6,4
1707,565,52,1,1
1708,565,35,11,4
1709,565,60,1,3
1710,566,11,11,6
1711,566,10,4,6
1712,566,4,2,3
1713,566,17,7,8
1714,566,72,10,3
1715,567,25,7,2
1716,567,82,7,2
1717,567,59,8,5
1718,567,26,10,7
1719,568,74,7,9
1720,568,71,8,8
1721,568,71,1,3
1722,568,60,2,6
1723,568,13,10,7
1724,569,83,1,1
1725,569,15,1,7
1726,570,51,10,1
1727,570,16,10,9
1728,571,32,2,4
1729,571,28,3,8
1730,571,21,6,7
1731,571,62,11,7
1732,572,31,5,2
1733,572,86,4,8
1734,573,77,10,1
1735,573,72,10,2
1736,574,72,1,3
1737,574,7,5,1
1738,574,41,4,5
1739,574,84,3,6
1740,575,33,1,5
1741,575,17,10,1
1742,576,62,8,7
1743,576,71,3,8
1744,576,84,5,2
1745,576,58,2,7
1746,577,64,5,1
1747,577,69,8,9
1748,577,9,5,6
1749,578,1,2,7
1750,579,20,3,7
1751,579,30,9,6
1752,579,72,2,2
1753,580,88,1,3
1754,580,77,11,2
1755,580,32,2,3
1756,580,47,10,3
1757,580,60,2,2
1758,580,74,3,2
1759,580,2,3,2
1760,581,78,2,6
1761,581,85,4,2
1762,581,48,10,6
1763,581,70,11,3
1764,581,21,11,1
1765,581,21,7,5
1766,581,28,11,8
1767,582,27,11,7
1768,582,74,2,1
1769,582,10,8,6
1770,582,38,8,4
1771,582,86,2,5
1772,583,21,10,5
1773,583,12,6,7
1774,583,88,2,2
1775,583,10,4,6
1776,584,84,1,5
1777,585,75,4,4
1778,585,48,9,7
1779,585,48,1,8
1780,585,59,6,1
1781,585,3,3,5
1782,585,60,8,5
1783,586,44,11,8
1784,586,23,7,9
1785,586,34,1,3
1786,586,15,10,7
1787,587,50,2,5
1788,587,29,9,4
1789,587,2,11,1
1790,587,62,10,7
1791,587,60,4,3
1792,587,71,10,7
1793,588,60,9,3
1794,588,86,1,8
1795,588,80,9,9
1796,588,22,10,4
1797,589,87,5,9
1798,589,29,2,7
1799,589,79,6,9
1800,590,62,1,8
1801,591,64,11,7
1802,591,89,4,1
1803,591,79,10,1
1804,592,63,5,8
1805,593,66,7,8
1806,593,64,1,6
1807,593,12,6,8
1808,593,59,6,6
1809,594,80,8,1
1810,594,32,10,7
1811,594,64,2,4
1812,594,45,7,4
1813,594,4,1,7
1814,595,41,10,6
1815,595,5,4,4
1816,596,29,7,9
1817,596,77,11,7
1818,597,52,2,5
1819,597,77,6,4
1820,598,12,9,7
1821,598,24,9,4
1822,599,59,7,7
1823,599,36,10,3
1824,599,84,2,7
1825,599,85,1,1
1826,599,60,11,5
1827,599,6,2,4
1828,599,66,4,2
1829,600,81,5,7
1830,600,54,1,9
1831,600,20,4,9
1832,600,51,6,7
1833,601,40,11,5
1834,602,49,5,9
1835,603,47,9,8
1836,603,67,4,4
1837,603,14,5,8
1838,604,79,7,9
1839,605,28,2,9
1840,605,64,11,7
1841,605,31,11,6
1842,605,73,7,1
1843,605,39,6,7
1844,606,45,1,9
1845,607,63,6,5
1846,607,16,5,1
1847,607,11,1,2
1848,607,3,6,9
1849,608,50,9,4
1850,609,79,10,8
1851,609,52,3,1
1852,609,35,2,7
1853,610,76,7,2
1854,610,58,10,1
1855,611,28,1,1
1856,611,72,11,3
1857,612,16,10,9
1858,612,4,2,6
1859,612,71,9,1
1860,613,86,3,5
1861,614,28,4,1
1862,614,78,9,2
1863,614,82,3,8
1864,614,19,2,4
1865,614,87,6,7
1866,614,41,4,3
1867,615,60,2,9
1868,615,18,6,2
1869,616,20,8,8
1870,617,5,1,7
1871,617,46,6,8
1872,617,48,10,7
1873,617,68,8,7
1874,617,6,1,5
1875,617,85,9,3
1876,617,83,8,4
1877,617,44,10,2
1878,618,5,9,9
1879,618,13,5,1
1880,618,21,5,2
1881,618,84,6,4
1882,618,6,4,9
1883,619,8,7,4
1884,620,78,3,3
1885,620,51,5,7
1886,620,73,7,9
1887,620,70,1,4
1888,621,18,8,8
1889,621,44,3,3
1890,621,77,2,1
1891,621,73,6,9
1892,621,39,7,5
1893,621,31,3,4
1894,622,66,10,3
1895,622,50,7,6
1896,623,37,9,5
1897,623,1,6,4
1898,623,47,5,7
1899,624,38,11,8
1900,624,88,5,5
1901,624,46,8,3
1902,624,50,8,5
1903,625,38,5,5
1904,625,67,3,5
1905,626,35,2,8
1906,626,5,8,3
1907,627,70,10,4
1908,627,84,1,9
1909,627,71,6,2
1910,627,63,5,1
1911,627,8,1,4
1912,627,41,4,6
1913,628,53,10,7
1914,628,70,4,2
1915,628,66,4,9
1916,628,85,6,5
1917,629,86,11,1
1918,629,56,10,2
1919,629,7,10,1
1920,629,56,2,3
1921,630,44,9,6
1922,630,33,8,9
1923,630,13,5,2
1924,631,13,1,1
1925,631,42,8,1
1926,631,85,9,5
1927,631,33,4,1
1928,631,81,7,3
1929,631,62,5,8
1930,632,50,6,2
1931,632,61,10,6
1932,633,43,10,7
1933,633,35,7,1
1934,633,85,5,4
1935,634,49,10,2
1936,634,1,6,5
1937,634,54,11,6
1938,634,63,3,8
1939,634,80,10,1
1940,634,69,4,8
1941,634,81,10,3
1942,635,45,11,9
1943,635,1,5,8
1944,636,6,6,9
1945,636,55,1,4
1946,637,58,5,5
1947,637,10,3,5
1948,637,4,5,6
1949,638,63,2,3
1950,638,64,11,4
1951,638,13,10,8
1952,639,10,1,1
1953,640,10,10,6
1954,640,63,8,7
1955,640,51,1,1
1956,640,79,5,1
1957,641,63,2,9
1958,641,45,6,8
1959,641,52,9,9
1960,642,48,11,2
1961,642,84,4,2
1962,643,50,7,6
1963,643,82,1,3
1964,643,86,1,1
1965,644,84,6,6
1966,644,31,11,5
1967,644,5,8,8
1968,644,23,5,8
1969,644,37,6,3
1970,645,46,9,5
1971,645,59,6,9
1972,646,82,5,4
1973,646,37,4,8
1974,646,30,4,8
1975,646,2,1,7
1976,647,27,2,2
1977,648,11,8,9
1978,648,71,1,8
1979,648,19,6,7
1980,649,69,8,6
1981,649,81,1,6
1982,650,59,1,9
1983,650,8,11,4
1984,650,42,1,9
1985,650,31,7,1
1986,651,27,4,4
1987,652,28,1,5
1988,652,39,1,3
1989,652,19,2,6
1990,652,37,2,9
1991,652,12,3,5
1992,652,73,1,3
1993,653,49,10,3
1994,654,86,6,3
1995,655,74,5,8
1996,655,37,10,5
1997,656,59,4,6
1998,656,30,6,1
1999,657,89,1,5
2000,657,33,5,6
2001,657,54,7,7
2002,657,30,7,7
2003,657,8,5,2
2004,657,69,6,2
2005,658,15,6,4
2006,658,78,1,4
2007,658,11,8,3
2008,658,16,3,1
2009,658,27,6,9
2010,658,83,8,8
2011,659,49,6,3
2012,659,16,9,6
2013,660,33,1,4
2014,660,40,10,9
2015,660,50,1,4
2016,661,71,9,8
2017,661,76,4,1
2018,662,33,2,3
2019,662,41,6,7
2020,663,89,1,8
2021,663,50,9,7
2022,663,4,5,2
2023,663,66,5,5
2024,664,52,4,5
2025,664,3,3,3
2026,664,23,2,6
2027,665,50,8,2
2028,665,67,7,9
2029,665,69,8,8
2030,665,15,3,4
2031,665,49,9,1
2032,666,46,9,6
2033,666,28,8,4
2034,667,84,9,5
2035,667,10,3,3
2036,668,14,5,8
2037,668,64,6,7
2038,668,7,4,6
2039,668,23,5,6
2040,669,48,1,4
2041,669,21,11,4
2042,669,84,5,3
2043,669,44,5,5
2044,670,30,5,6
2045,670,22,5,9
2046,671,32,3,9
2047,671,81,6,7
2048,671,26,3,7
2049,671,1,11,5
2050,672,68,7,7
2051,672,40,5,2
2052,672,4,7,4
2053,672,5,1,5
2054,673,9,11,1
2055,673,79,3,2
2056,673,29,11,4
2057,674,20,5,5
2058,675,28,1,8
2059,675,57,6,9
2060,675,39,6,9
2061,675,27,7,8
2062,676,22,8,7
2063,676,33,10,4
2064,676,2,11,5
2065,676,16,9,3
2066,676,44,3,6
2067,676,48,6,8
2068,676,25,3,8
2069,676,34,1,7
2070,677,20,10,1
2071,677,53,11,5
2072,677,54,6,1
2073,678,60,1,2
2074,678,80,3,5
2075,679,5,1,7
2076,679,68,2,3
2077,680,1,2,3
2078,680,1,8,3
2079,680,60,9,6
2080,680,62,3,3
2081,681,76,7,4
2082,681,82,8,1
2083,681,45,7,8
2084,681,4,3,2
2085,682,20,5,1
2086,682,73,10,1
2087,682,56,10,7
2088,682,40,2,2
2089,682,15,9,6
2090,682,86,8,8
2091,683,85,10,8
2092,683,21,1,4
2093,683,54,2,5
2094,684,30,2,5
2095,684,30,3,6
2096,684,11,4,9
2097,684,60,5,5
2098,684,84,3,1
2099,684,61,3,7
2100,685,80,7,8
2101,685,15,9,1
